{
  "hamming_loss": 0.13666666666666666,
  "precision@3": 0.12666666666666668,
  "recall@3": 0.38
}